{"cameraMode":{"drawMode":0,"name":"Shaded","section":"Shading Mode"},"sceneLighting":true,"audioPlay":false,"sceneViewState":{"showFog":true,"showMaterialUpdate":false,"showSkybox":true,"showFlares":true,"showImageEffects":true,"showParticleSystems":true},"in2DMode":false,"pivot":{"x":2.2421875,"y":4.729736328125,"z":6.294315338134766},"rotation":{"x":0.05129710212349892,"y":-0.666554868221283,"z":0.046066176146268848,"w":0.7422608733177185},"size":9.911652565002442,"orthographic":true}